{
    "./dataset/U/60x_letter_U.png": [
        0.13429886006068018,
        0.7860517618183209,
        1.522542216106838,
        2.1935228457911378,
        -4.051592180991775,
        -2.5866254971969087,
        5.934161741357525
    ],
    "./dataset/U/30x_letter_U.png": [
        0.2013270115453803,
        2.668430386959221,
        1.8243642404845632,
        2.09050355830222,
        -4.047979960175693,
        -3.4248896996105884,
        5.899678375262434
    ],
    "./dataset/U/moved_letter_U.png": [
        0.21738878157412508,
        3.4865206687440327,
        1.8428236676331031,
        2.2325620207651133,
        -4.270254958741502,
        3.9762887936163485,
        -6.963463277187517
    ],
    "./dataset/U/x30_letter_U.png": [
        0.17251831475016927,
        1.9626680951232944,
        1.5115960795418906,
        2.1256792902749075,
        -3.9443287945959398,
        -3.107040347163325,
        -6.069610878059788
    ],
    "./dataset/U/x60_letter_U.png": [
        0.052089005533390444,
        0.502545433539509,
        1.1245281860744234,
        2.008140331551184,
        -3.574603773997793,
        -2.2595099423394025,
        5.18704367835544
    ],
    "./dataset/U/u_real.png": [
        0.21401217632381897,
        3.564431371640192,
        1.7885888474830953,
        2.226715443487388,
        -4.2414647636477305,
        4.033853969594263,
        4.980714358860075
    ]
}