{
    "./dataset/S/60x_letter_S.png": [
        0.3332660565349502,
        1.5865130221025536,
        3.1902704751461024,
        4.755103479527871,
        8.962287007636107,
        -5.591496515885192,
        -8.77266797121234
    ],
    "./dataset/S/30x_letter_S.png": [
        0.3282232465728454,
        1.9113007184498825,
        2.789352309541798,
        4.0144722876433985,
        -7.62550840433841,
        5.839720863597367,
        7.518234047267214
    ],
    "./dataset/S/moved_letter_S.png": [
        0.32923618580558367,
        1.5781138472945928,
        3.1801931246255273,
        4.74052276976143,
        8.886992358165362,
        -5.585676534672877,
        -8.771830738333271
    ],
    "./dataset/S/x30_letter_S.png": [
        0.3275842201864265,
        2.0165589892755906,
        3.7273174994673717,
        3.970080316770454,
        -8.112900105322694,
        5.161765251265405,
        7.878369886574344
    ],
    "./dataset/S/x60_letter_S.png": [
        0.33355405155801726,
        1.5871598185184193,
        3.1915057514590894,
        4.745952670604265,
        8.905079319484017,
        -5.595369938352323,
        -8.781766571593684
    ],
    "./dataset/S/s_real.png": [
        0.33755829702994977,
        1.6051196499497293,
        3.269013523786791,
        4.7476198882421725,
        8.744819841142562,
        -6.108941399319824,
        9.272563717823768
    ]
}