{
    "./dataset/H/60x_letter_H.png": [
        0.3058171621669756,
        2.273175432849272,
        7.282668313288027,
        4.130156951166276,
        -9.63073568221379,
        -5.2667387267473655,
        9.804760695794014
    ],
    "./dataset/H/30x_letter_H.png": [
        0.32237434925397707,
        1.8269966711524828,
        3.118605402821464,
        3.6718079142471316,
        -7.6018611210526785,
        -4.992491111196616,
        7.085655098408874
    ],
    "./dataset/H/x30_letter_H.png": [
        0.30841143137007504,
        1.630901014788328,
        3.2554891980032217,
        3.8909310728435744,
        7.603235359553959,
        5.086261234060571,
        -7.622957457866192
    ],
    "./dataset/H/x60_letter_H.png": [
        0.30777576760160164,
        2.2779075417939807,
        7.259757780024986,
        4.129908597349062,
        -9.616122032997637,
        -5.268903192286476,
        9.832994742037686
    ],
    "./dataset/H/h_real.png": [
        0.304663493072038,
        2.2882549398096015,
        3.1216892512069574,
        4.124456189783609,
        8.128089014765829,
        5.335390763376306,
        -7.784997871648389
    ],
    "./dataset/H/h_2.png": [
        0.29770647012087054,
        2.2020628691210273,
        5.381804120672437,
        4.167101565362964,
        9.339788392602882,
        -5.272391308142872,
        8.925620563575498
    ]
}